Date,Contact Name,Title,Org Name,Org Type,Org Size,How Connected,Current Tools,Top Pain (verbatim),Screening Process,Magic Wand Wish,Budget for Tools,Who Decides,Would Pilot?,Referral Given?,Gut Read
2026-03-24,u/lookyherefella,Career-changer (graphics eng → social worker),Unknown,Social work / general nonprofit,,r/socialwork thread,Not mentioned,"Orgs are understaffed and barely have enough people to grant write, case manage, handle intake, and onboard volunteers.","In Utah, most places work through a DPS-regulated process. Recommends volunteering locally to understand the workload.",Not stated,Not stated,Not stated,No,No,Warm — has practitioner perspective and empathy for the workload problem. Mentioned DPS regulation as a foundation for whatever you build.
2026-03-24,u/Complex_Presence_949,Not stated,Unknown,Youth programs / child-serving,,r/socialwork thread + r/philanthropy thread,Not mentioned,"REPLY 3 (r/socialwork): Nobody budgets for screening until a funder or insurer makes it a line item. 'We make compliance easier' lands way better than 'you should care about this.' r/PHILANTHROPY: Most funders don't audit unless triggered by complaint or news story. Bigger foundations getting more rigorous around background checks and training logs. KEY: 'The real risk isn't the audit itself, it's having nothing to show if one does happen.'","Varies wildly — mandate-driven orgs are the consistent screeners. Compliance survives after initial mandate due to momentum.",Not stated,Not stated,Not stated,No,No,Hot — now active across two subreddits. Two positioning gems: (1) 'We make compliance easier' (2) 'The real risk isn't the audit itself, it's having nothing to show if one does happen.' DM open — waiting on reply. Reply sent in r/philanthropy thread too.
2026-03-24,u/Smooth-Science4983,Not stated,Unknown,Medical & residential facility,,r/socialwork thread,Not mentioned,"One and done background check. Lengthy screening process used as commitment filter. FOLLOW-UP: Screening is thorough because it's a medical/residential facility — extra trainings to maintain safe environment. Not losing good volunteers; process prepares them for the commitment. Students will go through it just for service hours but usually don't continue.","Initial background check only, never renewed. Long multi-step process with extra trainings specific to medical/residential setting. Process is intentionally thorough but still inclusive enough for committed students.",Not stated,Not stated,Not stated,No,No,Warm (upgraded) — medical/residential facility with multi-step training. Not anti-streamlining; the process is thorough by necessity. Potential customer for digitizing a complex onboarding flow.
2026-03-24,u/LalalanaRI,Not stated,Unknown,Private school,,r/socialwork thread,Not mentioned,"Initial local background check 3 years ago and never again.","One-time local background check, no renewals, outdated.",Not stated,Not stated,Not stated,No,No,Lukewarm — confirms no-renewal pattern
2026-03-24,u/meils121,"LMSW, Development NYS",Unknown,"State-licensed agency, works with kids",,r/socialwork thread,Not mentioned,"Fairly manual — paperwork then fingerprinting coordination then submission. REPLY 2: Batches everyone into January — no per-person expiration tracking. REPLY 3: Pain is seasonal not daily — fingerprinting only becomes a real hassle during summer camp hiring or when multiple interns start at once. BONUS COMMENT (Smooth-Science4983 thread): Uses fingerprinting requirement as intentional deterrent/self-selection signal. Posts it prominently on website — reduces low-quality inquiries and increases volunteer seriousness. Cost of a bad match is HIGH: child left without mentor + org scrambles to fill gap. Quality volunteers are self-selecting — retired teachers and people who've been fingerprinted elsewhere expect it and aren't put off by it.","State-mandated background checks for anyone with client contact. Fingerprinting coordinated by staff (not self-service). Free because state-funded. Renewals batched annually in January. Pain spikes during summer camp + intern batch onboarding. Volunteer positions require 1 hr/week for a full school year minimum — high-commitment role.",Not stated,"$0 — state covers it",Not stated,Pending — DM ask sent,No,Hot — Most active respondent in the thread. LMSW in Development role = operational influence. Pain is seasonal but cost of bad match is high (mentor continuity for kids). Uses screening as volunteer quality filter, not just safety. DM ask sent — still active in thread (commented on Smooth-Science4983 sub-thread).
2026-03-24,u/Aggressive-Ideal9430,Practicum student,Unknown,"Very large religious nonprofit — 21+ counties, multiple buildings, works with children and newly arrived refugees",,r/socialwork thread,Not mentioned,"REPLY 3: Org is under a grant that requires reporting volunteer hours AND headcount to the funder (annual or quarterly — not sure which). Sign-in/sign-out with volunteer IDs is the source data for that grant report. If volunteers are getting missed (per reply 2), that's a hole in the grant compliance data, not just a safety gap.","Background check + child abuse training + mission/programs orientation required. Supposed to happen before first shift but in practice usually within the month of starting. Each volunteer has an ID number for sign-in/out at every location. Sign-in data feeds grant funder reporting (hours + headcount). Policy and practice are disconnected. Directors at individual locations are the compliance bottleneck. Missed volunteers = inaccurate grant reports.",Not stated,Not stated,Not stated,Pending — DM ask sent,No,Warm (closed) — Confirmed as intern/practicum student. Pulled back from DM, not comfortable speaking for the org. Thread complete. Planted referral seed to actual volunteer manager. Valuable ground-level observations even if not a decision-maker. Key data points stand: grant reporting requirements, visibility gap, sign-in tracking as compliance documentation.
2026-03-24,u/moonbeam_honey,Not stated,Unknown,"Small nonprofit, less than 20 staff, not child-serving",,r/socialwork thread,Not mentioned,"REPLY 2: Volunteer application asks about related experience and outlines basic requirements for initial agreement. Orientations are small so they do personal introductions. Small agency (under 20) — thinks size makes a difference in their approach.","No background checks. Volunteer application with self-reported experience questions and requirements agreement. Small-group orientations for personal vetting. Supervision-based gradual trust model.",Not stated,Not stated,Not stated,No,No,Warm — no background checks but has a manual application process with self-reported experience screening. Key gap: related experience is taken on good faith with no verification. Follow-up sent asking about verifying self-reported volunteer history. Volunteer reputation/history system is the relevant angle here.
2026-03-24,u/Ok_Cold_1975,Not stated,Unknown,Unknown,,r/socialwork thread,Not mentioned,"We require volunteers to do background checks yearly now. Not aware of any specific issues from not screening.","Yearly background checks required.",Not stated,Not stated,Not stated,No,No,Lukewarm — yearly checks but no strong pain. Brief response.
2026-03-25,Piyali Paul,"Founder, Director, CEO","Appo; Tech for Social Good",Nonprofit tech / social impact (based in Delhi India),,Facebook — SaaS Founders group,Not mentioned,Not yet — DM conversation pending,Not yet known,Not yet known,Not yet known,Not yet known,Pending,No,Warm (revised) — tech founder who works WITH nonprofits not an operator. India-based so experience may not map directly to US market. Still useful for sales motion + pricing advice. Use peer founder framing not discovery script. DM sent.
2026-03-25,u/rethinking087,Not stated,Unknown,Unknown — volunteers at multiple orgs,,r/Volunteering thread,Not mentioned,"Done at least 3 separate background checks for different volunteer orgs. Hassle to redo same process every time. If there was a centralized system that met requirements and made orgs feel legally protected, volunteers would absolutely use it. But the question is whether organizations would trust it enough to adopt it.","Repeated full background checks at each new org. No portability.",Not stated,Not stated,Not stated,No,No,Warm — volunteer perspective. Validates demand side clearly. Identified the exact adoption barrier: org trust and legal protection. Key question to answer in your product/marketing. First reply — follow up queued.
2026-03-28,u/momlongerwalk,Not stated,Unknown,"Local agency — IRS VITA grant recipient (low-income tax service)",,r/philanthropy thread,Not mentioned,"IRS is extremely serious about grant compliance data. Local agency decided against pursuing further IRS grants because the staff time cost of keeping all the required data exceeded the grant value itself. n=1 but a real data point.","Grant compliance reporting burden so high it made the grant not worth pursuing. Compliance overhead > grant value.",Not stated,Not stated,Not stated,No,No,Warm — first reply. Validates a new angle: compliance burden can make orgs leave grant money on the table. Your platform ROI = making grant compliance cheap enough that orgs can actually pursue and keep grants they'd otherwise decline. First reply sent — asking if this is common or an extreme case.
2026-03-26,u/lowernineorg,Unknown (org staff/coordinator),Lower Nine Org (likely New Orleans-area nonprofit),Small nonprofit — does NOT run background checks,,r/volunteer thread,Not mentioned,"REPLY 2: Background checks are not something their org deals with. Knows they're not cheap. Perspective is advocacy for volunteer patience/grace with orgs doing their best on limited resources.","No background checks at their org. Aware of cost as a barrier for others. Speaking from small-org perspective focused on volunteer relations.",Not stated,Not stated,Not stated,No,No,Warm — pivoted away from background checks. Follow-up sent asking about waivers/onboarding paperwork/hour tracking/volunteer history. Not a compliance customer but may be a fit for broader platform features. Waiting on reply.
2026-03-25,u/CredibledOfficial,Not stated,Unknown,Unknown — volunteers at multiple orgs,,r/Volunteering thread,Self-sourced third-party background check certificate,"The annoying part isn't even the cost, it's the back and forth and the waiting. The friction of onboarding is probably why a lot of people drop off before they even start. The credentials travel with the volunteer angle is genuinely useful.","No portability between orgs. Invented own workaround: self-sourced background check certificate from a third party, sends it to each org. Some orgs accept it. Found cheap fully online option (15 min, no police station).",Not stated,Not stated,Not stated,No,No,Hot — most useful volunteer-side response so far. Independently invented a manual version of your product. Validated portability is a real problem not just paper. Identified volunteer dropout from friction as a new angle. First reply — follow up queued.
